kinyarwanda,english
ibigori,maize
ibishyimbo,beans
ibirayi,Irish potatoes
ifumbire,fertilizer
ifumbire mvaruganda,mineral fertilizer
ifumbire y'imborera,manure
imborera,manure
imbuto,seeds
imbuto z'indobanure,improved seeds
nkongwa,fall armyworm
imungu,weevils
ibyonnyi,pests
udukoko,insects
indwara,disease
ibyatsi bibi,weeds
kubagara,weeding
gutera,planting
gusarura,harvesting
kumisha,drying
guhunika,storing harvest
ubutaka,soil
ishwagara,agricultural lime
isuri,soil erosion
kuhira,irrigation
imvura,rain
amapfa,drought
igihembwe cy'ihinga,agricultural season
umurima,field
umuti wica udukoko,pesticide
uturindantoki,gloves
agapfukamunwa,face mask
umujyanama w'ubuhinzi,extension officer
agronome w'umurenge,sector agronomist
nkunganire,subsidy
isoko,market
koperative,cooperative
amatungo,livestock
