filename,folder,title,source,url,language
fao_fall_armyworm_ffs_guide_africa.pdf,maize,Integrated management of the Fall Armyworm on maize: guide for Farmer Field Schools in Africa (summary),FAO,https://openknowledge.fao.org/server/api/core/bitstreams/1e2f7c5b-d238-4410-a1e4-a2635cbb63f5/content,en
fao_fall_armyworm_integrated_management.pdf,maize,Integrated management of the Fall Armyworm on maize,FAO,https://openknowledge.fao.org/server/api/core/bitstreams/c43afcac-6262-4152-afd4-70cd4ac46584/content,en
cgiar_smart_fertiliser_recommendations_maize_rwanda_2025.pdf,maize,Smart Fertiliser Recommendations for Maize in Rwanda (2025),RAB / CGIAR,https://cgspace.cgiar.org/server/api/core/bitstreams/ddda75f4-25c5-4d38-8160-6b35f237033f/content,en
fao_maize_postharvest_compendium.pdf,maize,Maize post-harvest operations compendium,FAO,https://www.fao.org/fileadmin/user_upload/inpho/docs/Post_Harvest_Compendium_-_MAIZE.pdf,en
cabi_fall_armyworm_community_monitoring_tot.pdf,maize,Community-based Fall Armyworm monitoring early warning and management (training of trainers),FAO / CABI,https://www.cabi.org/wp-content/uploads/ToT-manual.pdf,en
icipe_push_pull_stemborer_striga_maize.pdf,maize,Push-pull for stemborer and Striga weed control in maize,icipe,https://www.icipe.org/sites/default/files/j14-2005%20a%20primer%20on%20planting%20and%20managing%20'push-pull'%20fields%20for%20stemborer%20and%20striga%20weed%20control%20in%20maize%20.pdf,en
ciat_pabra_bean_disease_pest_identification.pdf,beans,Bean disease and pest identification and management,CIAT / PABRA,https://agritech.tnau.ac.in/horticulture/pdf/tech_bulletin/international/Bean%20Disease%20and%20Pest%20identification%20and%20management.pdf,en
infonet_beans_production_pests.pdf,beans,Beans: production pests and diseases,Infonet-Biovision,https://assets.accessagriculture.org/s3fs-public/Beans_by_infonet_biovision.pdf,en
farmafrica_beans_production_training_manual.pdf,beans,Beans production training manual,Farm Africa,https://www.farmafrica.org/wp-content/uploads/2025/11/Farm-Africa-Beans-Production-Training-Manual.pdf,en
cip_guhinga_neza_ibirayi_mu_rwanda_rw.pdf,potato,Guhinga neza ibirayi mu Rwanda,CIP / RAB,https://cgspace.cgiar.org/bitstream/handle/10568/114874/WPphINYAward.pdf,rw
cgiar_smart_fertilizer_recommendations_potato_rwanda_2024.pdf,potato,Smart Fertilizer Recommendations for Potato in Rwanda (2024),RAB / CGIAR,https://cgspace.cgiar.org/server/api/core/bitstreams/aa33e847-6d04-46b6-a0e1-1578777138f4/content,en
cip_ware_potato_harvesting_storage_guidelines.pdf,potato,Ware potato harvesting and storage techniques,CIP,https://cgspace.cgiar.org/server/api/core/bitstreams/464891b2-e011-426d-834b-a60c0643209a/content,en
snv_climate_resilient_potato_handbook.pdf,potato,Climate resilient potato production handbook,SNV,https://www.snv.org/assets/downloads/f/191310/83b8e6cb60/potatotraining-20handbook-20web.pdf,en
fara_potato_innovation_opportunities_rwanda.pdf,potato,Innovation opportunities in potato production in Rwanda,FARA,https://library.faraafrica.org/wp-content/uploads/2019/10/FRR-Volume-2-No-16-2018-Innovation-Opportunities-in-Potato-Production-in-Rwanda.pdf,en
cgiar_smart_nkunganire_fertilizer_tool.pdf,general,Rwanda Smart Nkunganire System (SNS) fertilizer recommendation tool,RAB / CGIAR,https://cgspace.cgiar.org/server/api/core/bitstreams/f4943e4e-2dbf-41af-80db-079f57a57d55/content,en
cgiar_smart_nkunganire_case_study.pdf,general,The case of Rwanda Smart Nkunganire System (SNS),CGIAR,https://cgspace.cgiar.org/server/api/core/bitstreams/a9de32d9-7152-48c0-b064-d3990526d006/content,en
giz_postharvest_management_manual_2024.pdf,general,Post-harvest management practices training manual (2024),GIZ,https://www.giz.de/en/downloads/giz2024-en-post-harvest-management-practices-training-manual-for-trainers.pdf,en
